-- MySQL dump 10.13  Distrib 8.4.8, for Linux (x86_64)
--
-- Host: localhost    Database: car_dashboard
-- ------------------------------------------------------
-- Server version	8.4.8

/*!40101 SET @OLD_CHARACTER_SET_CLIENT=@@CHARACTER_SET_CLIENT */;
/*!40101 SET @OLD_CHARACTER_SET_RESULTS=@@CHARACTER_SET_RESULTS */;
/*!40101 SET @OLD_COLLATION_CONNECTION=@@COLLATION_CONNECTION */;
/*!50503 SET NAMES utf8mb4 */;
/*!40103 SET @OLD_TIME_ZONE=@@TIME_ZONE */;
/*!40103 SET TIME_ZONE='+00:00' */;
/*!40014 SET @OLD_UNIQUE_CHECKS=@@UNIQUE_CHECKS, UNIQUE_CHECKS=0 */;
/*!40014 SET @OLD_FOREIGN_KEY_CHECKS=@@FOREIGN_KEY_CHECKS, FOREIGN_KEY_CHECKS=0 */;
/*!40101 SET @OLD_SQL_MODE=@@SQL_MODE, SQL_MODE='NO_AUTO_VALUE_ON_ZERO' */;
/*!40111 SET @OLD_SQL_NOTES=@@SQL_NOTES, SQL_NOTES=0 */;

--
-- Table structure for table `car_price_history`
--

DROP TABLE IF EXISTS `car_price_history`;
/*!40101 SET @saved_cs_client     = @@character_set_client */;
/*!50503 SET character_set_client = utf8mb4 */;
CREATE TABLE `car_price_history` (
  `id` bigint NOT NULL AUTO_INCREMENT,
  `car_id` int NOT NULL,
  `price_won` bigint NOT NULL,
  `recorded_at` datetime NOT NULL DEFAULT CURRENT_TIMESTAMP,
  PRIMARY KEY (`id`),
  KEY `idx_car_recorded` (`car_id`,`recorded_at`),
  CONSTRAINT `fk_price_history_car` FOREIGN KEY (`car_id`) REFERENCES `cars` (`id`) ON DELETE CASCADE
) ENGINE=InnoDB AUTO_INCREMENT=74 DEFAULT CHARSET=utf8mb4 COLLATE=utf8mb4_0900_ai_ci;
/*!40101 SET character_set_client = @saved_cs_client */;

--
-- Dumping data for table `car_price_history`
--

LOCK TABLES `car_price_history` WRITE;
/*!40000 ALTER TABLE `car_price_history` DISABLE KEYS */;
INSERT INTO `car_price_history` VALUES (1,1,12500000,'2026-03-04 11:09:23'),(2,2,13590000,'2026-03-04 11:09:23'),(3,3,11500000,'2026-03-04 11:09:23'),(4,4,10800000,'2026-03-04 11:09:23'),(5,5,13700000,'2026-03-04 11:09:23'),(6,6,11900000,'2026-03-04 11:09:23'),(7,7,13800000,'2026-03-04 11:09:23'),(8,8,13400000,'2026-03-04 11:09:23'),(9,9,13200000,'2026-03-04 11:09:23'),(10,10,13500000,'2026-03-04 11:09:23'),(11,11,9200000,'2026-03-04 11:09:23'),(12,12,10700000,'2026-03-04 11:09:23'),(13,13,13800000,'2026-03-04 11:09:23'),(14,14,12300000,'2026-03-04 11:09:23'),(16,16,13000000,'2026-03-04 11:09:23'),(17,17,13900000,'2026-03-04 11:09:23'),(18,18,13900000,'2026-03-04 11:09:23'),(19,7,13500000,'2026-03-04 22:09:04'),(22,21,9200000,'2026-03-05 09:46:47'),(23,22,10600000,'2026-03-05 09:46:47'),(24,23,10900000,'2026-03-05 09:46:47'),(25,24,12700000,'2026-03-05 09:46:47'),(26,25,12700000,'2026-03-05 09:46:47'),(27,26,12990000,'2026-03-05 09:46:47'),(28,27,13500000,'2026-03-05 09:46:47'),(29,28,14300000,'2026-03-05 09:46:47'),(30,29,14300000,'2026-03-05 09:46:47'),(31,30,14500000,'2026-03-05 09:46:47'),(32,31,14500000,'2026-03-05 09:46:47'),(33,32,14500000,'2026-03-05 09:46:47'),(34,33,14700000,'2026-03-05 09:46:47'),(35,34,14900000,'2026-03-05 09:46:47'),(36,35,14900000,'2026-03-05 09:46:47'),(52,11,9500000,'2026-03-05 10:54:44'),(54,51,13590000,'2026-03-05 10:54:44'),(55,21,9500000,'2026-03-05 10:54:44'),(56,52,13800000,'2026-03-05 10:54:44'),(57,53,13900000,'2026-03-05 10:54:44'),(58,54,10800000,'2026-03-05 10:54:44'),(59,55,13200000,'2026-03-05 10:54:44'),(60,56,11900000,'2026-03-05 10:54:44'),(61,57,11500000,'2026-03-05 10:54:44'),(62,58,10700000,'2026-03-05 10:54:44'),(63,59,13900000,'2026-03-05 10:54:44'),(64,60,15800000,'2026-03-05 11:06:53'),(65,61,15500000,'2026-03-05 11:06:53'),(66,62,17500000,'2026-03-05 11:06:53'),(67,63,19800000,'2026-03-05 11:06:53'),(68,64,17800000,'2026-03-05 11:06:53'),(69,65,14700000,'2026-03-05 11:06:53'),(70,66,14700000,'2026-03-05 11:06:53'),(71,67,15200000,'2026-03-05 11:06:53'),(72,68,16800000,'2026-03-05 11:06:53'),(73,69,21800000,'2026-03-05 11:06:53');
/*!40000 ALTER TABLE `car_price_history` ENABLE KEYS */;
UNLOCK TABLES;

--
-- Table structure for table `cars`
--

DROP TABLE IF EXISTS `cars`;
/*!40101 SET @saved_cs_client     = @@character_set_client */;
/*!50503 SET character_set_client = utf8mb4 */;
CREATE TABLE `cars` (
  `id` int NOT NULL AUTO_INCREMENT,
  `source_id` varchar(32) NOT NULL,
  `year` int NOT NULL,
  `mileage_km` int NOT NULL,
  `price_won` bigint NOT NULL,
  `url` varchar(255) NOT NULL,
  `inspection_url` varchar(255) NOT NULL,
  `diagnosis_url` varchar(255) NOT NULL,
  `accident_url` varchar(255) NOT NULL,
  `has_inspection` tinyint(1) NOT NULL,
  `main_photo` varchar(255) DEFAULT NULL,
  `photos_json` json NOT NULL,
  `badge` varchar(255) NOT NULL,
  `modified_date` varchar(64) NOT NULL,
  `last_seen_at` datetime NOT NULL DEFAULT CURRENT_TIMESTAMP ON UPDATE CURRENT_TIMESTAMP,
  `updated_at` datetime NOT NULL DEFAULT CURRENT_TIMESTAMP ON UPDATE CURRENT_TIMESTAMP,
  `is_active` tinyint(1) NOT NULL DEFAULT '1',
  `is_new` tinyint(1) NOT NULL DEFAULT '0',
  `created_at` datetime NOT NULL DEFAULT CURRENT_TIMESTAMP,
  `is_favorite` tinyint(1) NOT NULL DEFAULT '0',
  `inspection_summary_json` json DEFAULT NULL,
  `inspection_cache_key` varchar(255) DEFAULT NULL,
  `inspection_fetched_at` datetime DEFAULT NULL,
  `inspection_condition` varchar(32) DEFAULT NULL,
  `origin` varchar(16) NOT NULL DEFAULT 'encar',
  PRIMARY KEY (`id`),
  UNIQUE KEY `source_id` (`source_id`),
  UNIQUE KEY `uq_cars_origin_source_id` (`origin`,`source_id`)
) ENGINE=InnoDB AUTO_INCREMENT=70 DEFAULT CHARSET=utf8mb4 COLLATE=utf8mb4_0900_ai_ci;
/*!40101 SET character_set_client = @saved_cs_client */;

--
-- Dumping data for table `cars`
--

LOCK TABLES `cars` WRITE;
/*!40000 ALTER TABLE `cars` DISABLE KEYS */;
INSERT INTO `cars` VALUES (1,'41242788',2018,56721,12500000,'https://fem.encar.com/cars/detail/41242788','https://fem.encar.com/cars/report/inspect/41242788','https://fem.encar.com/cars/report/diagnosis/41242788','https://fem.encar.com/cars/report/accident/41242788',1,'https://ci.encar.com/carpicture04/pic4124/41242788_001.jpg','[{\"type\": \"001\", \"location\": \"https://ci.encar.com/carpicture04/pic4124/41242788_001.jpg\", \"ordering\": 1, \"updatedDate\": \"2025-12-29T08:17:54Z\"}, {\"type\": \"003\", \"location\": \"https://ci.encar.com/carpicture04/pic4124/41242788_003.jpg\", \"ordering\": 3, \"updatedDate\": \"2025-12-29T08:17:54Z\"}, {\"type\": \"004\", \"location\": \"https://ci.encar.com/carpicture04/pic4124/41242788_004.jpg\", \"ordering\": 4, \"updatedDate\": \"2025-12-29T08:17:54Z\"}, {\"type\": \"007\", \"location\": \"https://ci.encar.com/carpicture04/pic4124/41242788_007.jpg\", \"ordering\": 7, \"updatedDate\": \"2025-12-29T08:17:54Z\"}]','40 TFSI','05.03.2026, 11:13:03','2026-03-05 11:39:31','2026-03-05 11:39:31',1,0,'2026-03-04 12:51:27',1,'{\"vin\": \"WAUZZZ8V3J1094949\", \"damages\": [{\"part\": \"리어 도어(우)\", \"statuses\": [\"교환(교체)\"], \"attributes\": [\"RANK_ONE\"]}, {\"part\": \"프론트 휀더(우)\", \"statuses\": [\"교환(교체)\"], \"attributes\": [\"RANK_ONE\"]}, {\"part\": \"프론트 도어(우)\", \"statuses\": [\"교환(교체)\"], \"attributes\": [\"RANK_ONE\"]}, {\"part\": \"프론트 휀더(좌)\", \"statuses\": [\"교환(교체)\"], \"attributes\": [\"RANK_ONE\"]}], \"mileage\": 56718, \"accident\": false, \"notFound\": false, \"waterlog\": false, \"fetchedAt\": \"2026-03-05T09:39:31.386Z\", \"modelYear\": \"2018\", \"vehicleId\": 41242788, \"simpleRepair\": true, \"transmission\": \"오토\", \"replacedParts\": [\"리어 도어(우)\", \"프론트 휀더(우)\", \"프론트 도어(우)\", \"프론트 휀더(좌)\"], \"firstRegistrationDate\": \"20180920\"}','41242788|12500000|05.03.2026, 11:13:03|1','2026-03-05 11:39:31','replaceRepair','encar'),(2,'41571867',2018,80148,13590000,'https://fem.encar.com/cars/detail/41571867','https://fem.encar.com/cars/report/inspect/41571867','https://fem.encar.com/cars/report/diagnosis/41571867','https://fem.encar.com/cars/report/accident/41571867',1,'https://ci.encar.com/carpicture07/pic4157/41570969_001.jpg','[{\"type\": \"001\", \"location\": \"https://ci.encar.com/carpicture07/pic4157/41570969_001.jpg\", \"ordering\": 1, \"updatedDate\": \"2026-02-26T08:41:56Z\"}, {\"type\": \"003\", \"location\": \"https://ci.encar.com/carpicture07/pic4157/41570969_003.jpg\", \"ordering\": 3, \"updatedDate\": \"2026-02-26T08:41:56Z\"}, {\"type\": \"004\", \"location\": \"https://ci.encar.com/carpicture07/pic4157/41570969_004.jpg\", \"ordering\": 4, \"updatedDate\": \"2026-02-26T08:41:56Z\"}, {\"type\": \"007\", \"location\": \"https://ci.encar.com/carpicture07/pic4157/41570969_007.jpg\", \"ordering\": 7, \"updatedDate\": \"2026-02-26T08:41:56Z\"}]','40 TFSI','05.03.2026, 04:48:11','2026-03-05 11:28:06','2026-03-05 11:28:06',1,0,'2026-03-04 12:51:27',0,'{\"vin\": \"WAUZZZ8V3J1091839\", \"damages\": [], \"mileage\": 80146, \"accident\": false, \"notFound\": false, \"waterlog\": false, \"fetchedAt\": \"2026-03-04T20:35:09.109Z\", \"modelYear\": \"2018\", \"vehicleId\": 41570969, \"simpleRepair\": false, \"transmission\": null, \"replacedParts\": [], \"firstRegistrationDate\": \"20180907\"}','41571867|13590000|04.03.2026, 09:58:05|1','2026-03-04 22:35:33','clean','encar'),(3,'41552132',2018,52573,11500000,'https://fem.encar.com/cars/detail/41552132','https://fem.encar.com/cars/report/inspect/41552132','https://fem.encar.com/cars/report/diagnosis/41552132','https://fem.encar.com/cars/report/accident/41552132',1,'https://ci.encar.com/carpicture05/pic4155/41551863_001.jpg','[{\"type\": \"001\", \"location\": \"https://ci.encar.com/carpicture05/pic4155/41551863_001.jpg\", \"ordering\": 1, \"updatedDate\": \"2026-02-24T01:37:34Z\"}, {\"type\": \"003\", \"location\": \"https://ci.encar.com/carpicture05/pic4155/41551863_003.jpg\", \"ordering\": 3, \"updatedDate\": \"2026-02-24T01:37:34Z\"}, {\"type\": \"004\", \"location\": \"https://ci.encar.com/carpicture05/pic4155/41551863_004.jpg\", \"ordering\": 4, \"updatedDate\": \"2026-02-24T01:37:34Z\"}, {\"type\": \"007\", \"location\": \"https://ci.encar.com/carpicture05/pic4155/41551863_007.jpg\", \"ordering\": 7, \"updatedDate\": \"2026-02-24T01:37:34Z\"}]','40 TFSI','05.03.2026, 10:57:03','2026-03-05 11:39:29','2026-03-05 11:39:29',1,0,'2026-03-04 12:51:27',1,'{\"vin\": null, \"damages\": [], \"mileage\": null, \"accident\": false, \"notFound\": false, \"waterlog\": null, \"fetchedAt\": \"2026-03-05T09:39:29.372Z\", \"modelYear\": null, \"vehicleId\": 41551863, \"simpleRepair\": true, \"transmission\": null, \"replacedParts\": [], \"firstRegistrationDate\": null}','41552132|11500000|05.03.2026, 10:57:03|1','2026-03-05 11:39:29','repair','encar'),(4,'41593584',2019,119634,10800000,'https://fem.encar.com/cars/detail/41593584','https://fem.encar.com/cars/report/inspect/41593584','https://fem.encar.com/cars/report/diagnosis/41593584','https://fem.encar.com/cars/report/accident/41593584',0,'https://ci.encar.com/carpicture09/pic4159/41593584_001.jpg','[{\"type\": \"001\", \"location\": \"https://ci.encar.com/carpicture09/pic4159/41593584_001.jpg\", \"ordering\": 1, \"updatedDate\": \"2026-03-04T00:53:15Z\"}, {\"type\": \"003\", \"location\": \"https://ci.encar.com/carpicture09/pic4159/41593584_003.jpg\", \"ordering\": 3, \"updatedDate\": \"2026-03-04T00:53:15Z\"}, {\"type\": \"004\", \"location\": \"https://ci.encar.com/carpicture09/pic4159/41593584_004.jpg\", \"ordering\": 4, \"updatedDate\": \"2026-03-04T00:53:15Z\"}, {\"type\": \"007\", \"location\": \"https://ci.encar.com/carpicture09/pic4159/41593584_007.jpg\", \"ordering\": 7, \"updatedDate\": \"2026-03-04T00:53:15Z\"}]','40 TFSI','05.03.2026, 10:53:02','2026-03-05 11:28:06','2026-03-05 11:28:06',1,0,'2026-03-04 12:51:27',0,'{\"vin\": null, \"damages\": [], \"mileage\": null, \"accident\": null, \"notFound\": true, \"waterlog\": null, \"fetchedAt\": \"2026-03-04T20:35:08.609Z\", \"modelYear\": null, \"vehicleId\": 41593584, \"simpleRepair\": null, \"transmission\": null, \"replacedParts\": [], \"firstRegistrationDate\": null}','41593584|10800000|04.03.2026, 14:53:02|0','2026-03-04 22:35:33','notFound','encar'),(5,'41420283',2018,54925,13700000,'https://fem.encar.com/cars/detail/41420283','https://fem.encar.com/cars/report/inspect/41420283','https://fem.encar.com/cars/report/diagnosis/41420283','https://fem.encar.com/cars/report/accident/41420283',1,'https://ci.encar.com/carpicture01/pic4141/41416034_001.jpg','[{\"type\": \"001\", \"location\": \"https://ci.encar.com/carpicture01/pic4141/41416034_001.jpg\", \"ordering\": 1, \"updatedDate\": \"2026-01-28T00:18:42Z\"}, {\"type\": \"003\", \"location\": \"https://ci.encar.com/carpicture01/pic4141/41416034_003.jpg\", \"ordering\": 3, \"updatedDate\": \"2026-01-28T00:18:42Z\"}, {\"type\": \"004\", \"location\": \"https://ci.encar.com/carpicture01/pic4141/41416034_004.jpg\", \"ordering\": 4, \"updatedDate\": \"2026-01-28T00:18:42Z\"}, {\"type\": \"007\", \"location\": \"https://ci.encar.com/carpicture01/pic4141/41416034_007.jpg\", \"ordering\": 7, \"updatedDate\": \"2026-01-28T00:18:42Z\"}]','40 TFSI','05.03.2026, 07:44:28','2026-03-05 11:28:06','2026-03-05 11:28:06',1,0,'2026-03-04 12:51:27',0,'{\"vin\": \"WAUZZZ8V2J1093629\", \"damages\": [{\"part\": \"리어 도어(우)\", \"statuses\": [\"판금/용접\"], \"attributes\": [\"RANK_ONE\"]}, {\"part\": \"쿼터 패널(우)\", \"statuses\": [\"판금/용접\"], \"attributes\": [\"RANK_TWO\"]}], \"mileage\": 54917, \"accident\": false, \"notFound\": false, \"waterlog\": false, \"fetchedAt\": \"2026-03-04T20:35:09.126Z\", \"modelYear\": \"2018\", \"vehicleId\": 41416034, \"simpleRepair\": true, \"transmission\": \"오토\", \"replacedParts\": [], \"firstRegistrationDate\": \"20180921\"}','41420283|13700000|04.03.2026, 13:40:55|1','2026-03-04 22:35:33','repair','encar'),(6,'41499492',2018,78846,11900000,'https://fem.encar.com/cars/detail/41499492','https://fem.encar.com/cars/report/inspect/41499492','https://fem.encar.com/cars/report/diagnosis/41499492','https://fem.encar.com/cars/report/accident/41499492',1,'https://ci.encar.com/carpicture09/pic4149/41499492_001.jpg','[{\"type\": \"001\", \"location\": \"https://ci.encar.com/carpicture09/pic4149/41499492_001.jpg\", \"ordering\": 1, \"updatedDate\": \"2026-02-11T00:49:53Z\"}, {\"type\": \"003\", \"location\": \"https://ci.encar.com/carpicture09/pic4149/41499492_003.jpg\", \"ordering\": 3, \"updatedDate\": \"2026-02-11T00:49:53Z\"}, {\"type\": \"004\", \"location\": \"https://ci.encar.com/carpicture09/pic4149/41499492_004.jpg\", \"ordering\": 4, \"updatedDate\": \"2026-02-11T00:49:53Z\"}, {\"type\": \"007\", \"location\": \"https://ci.encar.com/carpicture09/pic4149/41499492_007.jpg\", \"ordering\": 7, \"updatedDate\": \"2026-02-11T00:49:53Z\"}]','40 TFSI','05.03.2026, 10:50:07','2026-03-05 11:28:06','2026-03-05 11:28:06',1,0,'2026-03-04 12:51:27',1,'{\"vin\": \"WAUZZZ8VXJ1081437\", \"damages\": [{\"part\": \"리어 도어(우)\", \"statuses\": [\"판금/용접\"], \"attributes\": [\"RANK_ONE\"]}, {\"part\": \"프론트 휀더(우)\", \"statuses\": [\"교환(교체)\"], \"attributes\": [\"RANK_ONE\"]}, {\"part\": \"쿼터 패널(우)\", \"statuses\": [\"판금/용접\", \"용접,절단\"], \"attributes\": [\"RANK_TWO\"]}, {\"part\": \"프론트 휀더(좌)\", \"statuses\": [\"판금/용접\"], \"attributes\": [\"RANK_ONE\"]}, {\"part\": \"쿼터 패널(좌)\", \"statuses\": [\"판금/용접\", \"용접,절단\"], \"attributes\": [\"RANK_TWO\"]}], \"mileage\": 78842, \"accident\": true, \"notFound\": false, \"waterlog\": false, \"fetchedAt\": \"2026-03-05T07:58:07.591Z\", \"modelYear\": \"2018\", \"vehicleId\": 41499492, \"simpleRepair\": true, \"transmission\": null, \"replacedParts\": [\"프론트 휀더(우)\"], \"firstRegistrationDate\": \"20180910\"}','41499492|11900000|05.03.2026, 08:50:07|1','2026-03-05 09:58:08','replaceRepair','encar'),(7,'40980379',2018,92557,13500000,'https://fem.encar.com/cars/detail/40980379','https://fem.encar.com/cars/report/inspect/40980379','https://fem.encar.com/cars/report/diagnosis/40980379','https://fem.encar.com/cars/report/accident/40980379',1,'https://ci.encar.com/carpicture06/pic4096/40962505_001.jpg','[{\"type\": \"001\", \"location\": \"https://ci.encar.com/carpicture06/pic4096/40962505_001.jpg\", \"ordering\": 1, \"updatedDate\": \"2025-11-17T07:16:25Z\"}, {\"type\": \"003\", \"location\": \"https://ci.encar.com/carpicture06/pic4096/40962505_003.jpg\", \"ordering\": 3, \"updatedDate\": \"2025-11-17T07:16:25Z\"}, {\"type\": \"004\", \"location\": \"https://ci.encar.com/carpicture06/pic4096/40962505_004.jpg\", \"ordering\": 4, \"updatedDate\": \"2025-11-17T07:16:25Z\"}, {\"type\": \"007\", \"location\": \"https://ci.encar.com/carpicture06/pic4096/40962505_007.jpg\", \"ordering\": 7, \"updatedDate\": \"2025-11-17T07:16:25Z\"}]','40 TFSI','05.03.2026, 10:50:03','2026-03-05 11:28:06','2026-03-05 11:28:06',1,0,'2026-03-04 12:51:27',0,'{\"vin\": \"WAUZZZ8V4J1088660\", \"damages\": [], \"mileage\": 92554, \"accident\": false, \"notFound\": false, \"waterlog\": false, \"fetchedAt\": \"2026-03-04T20:35:08.875Z\", \"modelYear\": \"2018\", \"vehicleId\": 40962505, \"simpleRepair\": false, \"transmission\": \"오토\", \"replacedParts\": [], \"firstRegistrationDate\": \"20180913\"}','40980379|13500000|04.03.2026, 16:50:02|1','2026-03-04 22:35:33','clean','encar'),(8,'41432402',2018,82738,13400000,'https://fem.encar.com/cars/detail/41432402','https://fem.encar.com/cars/report/inspect/41432402','https://fem.encar.com/cars/report/diagnosis/41432402','https://fem.encar.com/cars/report/accident/41432402',1,'https://ci.encar.com/carpicture03/pic4143/41430400_001.jpg','[{\"type\": \"001\", \"location\": \"https://ci.encar.com/carpicture03/pic4143/41430400_001.jpg\", \"ordering\": 1, \"updatedDate\": \"2026-01-29T06:49:12Z\"}, {\"type\": \"003\", \"location\": \"https://ci.encar.com/carpicture03/pic4143/41430400_003.jpg\", \"ordering\": 3, \"updatedDate\": \"2026-01-29T06:49:12Z\"}, {\"type\": \"004\", \"location\": \"https://ci.encar.com/carpicture03/pic4143/41430400_004.jpg\", \"ordering\": 4, \"updatedDate\": \"2026-01-29T06:49:12Z\"}, {\"type\": \"007\", \"location\": \"https://ci.encar.com/carpicture03/pic4143/41430400_007.jpg\", \"ordering\": 7, \"updatedDate\": \"2026-01-29T06:49:12Z\"}]','40 TFSI','05.03.2026, 10:50:03','2026-03-05 11:28:06','2026-03-05 11:28:06',1,0,'2026-03-04 12:51:27',1,'{\"vin\": \"WAUZZZ8V2J1075597\", \"damages\": [], \"mileage\": 82719, \"accident\": false, \"notFound\": false, \"waterlog\": false, \"fetchedAt\": \"2026-03-04T20:35:08.601Z\", \"modelYear\": \"2018\", \"vehicleId\": 41430400, \"simpleRepair\": false, \"transmission\": \"오토\", \"replacedParts\": [], \"firstRegistrationDate\": \"20180830\"}','41432402|13400000|04.03.2026, 16:50:02|1','2026-03-04 22:35:33','clean','encar'),(9,'41525836',2018,58164,13200000,'https://fem.encar.com/cars/detail/41525836','https://fem.encar.com/cars/report/inspect/41525836','https://fem.encar.com/cars/report/diagnosis/41525836','https://fem.encar.com/cars/report/accident/41525836',1,'https://ci.encar.com/carpicture02/pic4152/41525836_001.jpg','[{\"type\": \"001\", \"location\": \"https://ci.encar.com/carpicture02/pic4152/41525836_001.jpg\", \"ordering\": 1, \"updatedDate\": \"2026-02-19T08:09:50Z\"}, {\"type\": \"003\", \"location\": \"https://ci.encar.com/carpicture02/pic4152/41525836_003.jpg\", \"ordering\": 3, \"updatedDate\": \"2026-02-19T08:09:50Z\"}, {\"type\": \"004\", \"location\": \"https://ci.encar.com/carpicture02/pic4152/41525836_004.jpg\", \"ordering\": 4, \"updatedDate\": \"2026-02-19T08:09:50Z\"}, {\"type\": \"007\", \"location\": \"https://ci.encar.com/carpicture02/pic4152/41525836_007.jpg\", \"ordering\": 7, \"updatedDate\": \"2026-02-19T08:09:50Z\"}]','40 TFSI','05.03.2026, 10:03:21','2026-03-05 11:28:06','2026-03-05 11:28:06',1,0,'2026-03-04 12:51:27',0,'{\"vin\": \"WAUZZZ8V2J1075342\", \"damages\": [], \"mileage\": 58161, \"accident\": false, \"notFound\": false, \"waterlog\": false, \"fetchedAt\": \"2026-03-04T20:35:08.653Z\", \"modelYear\": \"2018\", \"vehicleId\": 41525836, \"simpleRepair\": false, \"transmission\": null, \"replacedParts\": [], \"firstRegistrationDate\": \"20180830\"}','41525836|13200000|04.03.2026, 20:17:03|1','2026-03-04 22:35:33','clean','encar'),(10,'40834331',2020,41843,13500000,'https://fem.encar.com/cars/detail/40834331','https://fem.encar.com/cars/report/inspect/40834331','https://fem.encar.com/cars/report/diagnosis/40834331','https://fem.encar.com/cars/report/accident/40834331',1,'https://ci.encar.com/carpicture03/pic4083/40834331_001.jpg','[{\"type\": \"001\", \"location\": \"https://ci.encar.com/carpicture03/pic4083/40834331_001.jpg\", \"ordering\": 1, \"updatedDate\": \"2025-10-30T01:45:21Z\"}, {\"type\": \"003\", \"location\": \"https://ci.encar.com/carpicture03/pic4083/40834331_003.jpg\", \"ordering\": 3, \"updatedDate\": \"2025-10-30T01:45:21Z\"}, {\"type\": \"004\", \"location\": \"https://ci.encar.com/carpicture03/pic4083/40834331_004.jpg\", \"ordering\": 4, \"updatedDate\": \"2025-10-30T01:45:21Z\"}, {\"type\": \"007\", \"location\": \"https://ci.encar.com/carpicture03/pic4083/40834331_007.jpg\", \"ordering\": 7, \"updatedDate\": \"2025-10-30T01:45:21Z\"}]','40 TFSI','04.03.2026, 16:44:02','2026-03-05 09:46:47','2026-03-05 09:46:47',0,0,'2026-03-04 12:51:27',0,'{\"vin\": \"WAUZZZ8V3LA065017\", \"damages\": [{\"part\": \"인사이드 패널(좌)\", \"statuses\": [\"판금/용접\"], \"attributes\": [\"RANK_A\"]}, {\"part\": \"리어 도어(좌)\", \"statuses\": [\"판금/용접\"], \"attributes\": [\"RANK_ONE\"]}, {\"part\": \"프론트 휀더(우)\", \"statuses\": [\"교환(교체)\"], \"attributes\": [\"RANK_ONE\"]}, {\"part\": \"후드\", \"statuses\": [\"교환(교체)\"], \"attributes\": [\"RANK_ONE\"]}, {\"part\": \"트렁크 리드\", \"statuses\": [\"교환(교체)\"], \"attributes\": [\"RANK_ONE\"]}, {\"part\": \"라디에이터 서포트(볼트체결부품)\", \"statuses\": [\"교환(교체)\"], \"attributes\": [\"RANK_ONE\"]}, {\"part\": \"프론트 휀더(좌)\", \"statuses\": [\"교환(교체)\"], \"attributes\": [\"RANK_ONE\"]}, {\"part\": \"쿼터 패널(좌)\", \"statuses\": [\"교환(교체)\"], \"attributes\": [\"RANK_TWO\"]}, {\"part\": \"리어 패널\", \"statuses\": [\"교환(교체)\"], \"attributes\": [\"RANK_A\"]}], \"mileage\": 41839, \"accident\": true, \"notFound\": false, \"waterlog\": false, \"fetchedAt\": \"2026-03-04T20:35:09.100Z\", \"modelYear\": \"2020\", \"vehicleId\": 40834331, \"simpleRepair\": true, \"transmission\": \"오토\", \"replacedParts\": [\"프론트 휀더(우)\", \"후드\", \"트렁크 리드\", \"라디에이터 서포트(볼트체결부품)\", \"프론트 휀더(좌)\", \"쿼터 패널(좌)\", \"리어 패널\"], \"firstRegistrationDate\": \"20200807\"}','40834331|13500000|04.03.2026, 16:44:02|1','2026-03-04 22:35:33','replaceRepair','encar'),(11,'40807571',2018,139504,9500000,'https://fem.encar.com/cars/detail/40807571','https://fem.encar.com/cars/report/inspect/40807571','https://fem.encar.com/cars/report/diagnosis/40807571','https://fem.encar.com/cars/report/accident/40807571',1,'https://ci.encar.com/carpicture10/pic4080/40804796_001.jpg','[{\"type\": \"001\", \"location\": \"https://ci.encar.com/carpicture10/pic4080/40804796_001.jpg\", \"ordering\": 1, \"updatedDate\": \"2025-10-24T09:24:21Z\"}, {\"type\": \"003\", \"location\": \"https://ci.encar.com/carpicture10/pic4080/40804796_003.jpg\", \"ordering\": 3, \"updatedDate\": \"2025-10-24T09:24:21Z\"}, {\"type\": \"004\", \"location\": \"https://ci.encar.com/carpicture10/pic4080/40804796_004.jpg\", \"ordering\": 4, \"updatedDate\": \"2025-10-24T09:24:21Z\"}, {\"type\": \"007\", \"location\": \"https://ci.encar.com/carpicture10/pic4080/40804796_007.jpg\", \"ordering\": 7, \"updatedDate\": \"2025-10-24T09:24:21Z\"}]','40 TFSI','05.03.2026, 10:43:05','2026-03-05 11:28:06','2026-03-05 11:28:06',1,0,'2026-03-04 12:51:27',0,'{\"vin\": \"WAUZZZ8V7J1087373\", \"damages\": [], \"mileage\": 139484, \"accident\": false, \"notFound\": false, \"waterlog\": false, \"fetchedAt\": \"2026-03-04T20:35:08.115Z\", \"modelYear\": \"2018\", \"vehicleId\": 40804796, \"simpleRepair\": false, \"transmission\": null, \"replacedParts\": [], \"firstRegistrationDate\": \"20180911\"}','40807571|9200000|04.03.2026, 14:43:04|1','2026-03-04 22:35:33','clean','encar'),(12,'41503232',2018,128309,10700000,'https://fem.encar.com/cars/detail/41503232','https://fem.encar.com/cars/report/inspect/41503232','https://fem.encar.com/cars/report/diagnosis/41503232','https://fem.encar.com/cars/report/accident/41503232',0,'https://ci.encar.com/carpicture10/pic4150/41503232_001.jpg','[{\"type\": \"001\", \"location\": \"https://ci.encar.com/carpicture10/pic4150/41503232_001.jpg\", \"ordering\": 1, \"updatedDate\": \"2026-02-11T06:36:08Z\"}, {\"type\": \"003\", \"location\": \"https://ci.encar.com/carpicture10/pic4150/41503232_003.jpg\", \"ordering\": 3, \"updatedDate\": \"2026-02-11T06:36:08Z\"}, {\"type\": \"004\", \"location\": \"https://ci.encar.com/carpicture10/pic4150/41503232_004.jpg\", \"ordering\": 4, \"updatedDate\": \"2026-02-11T06:36:08Z\"}, {\"type\": \"007\", \"location\": \"https://ci.encar.com/carpicture10/pic4150/41503232_007.jpg\", \"ordering\": 7, \"updatedDate\": \"2026-02-11T06:36:08Z\"}]','40 TFSI','05.03.2026, 10:36:05','2026-03-05 11:28:06','2026-03-05 11:28:06',1,0,'2026-03-04 12:51:27',0,'{\"vin\": null, \"damages\": [], \"mileage\": null, \"accident\": null, \"notFound\": true, \"waterlog\": null, \"fetchedAt\": \"2026-03-04T20:35:08.118Z\", \"modelYear\": null, \"vehicleId\": 41503232, \"simpleRepair\": null, \"transmission\": null, \"replacedParts\": [], \"firstRegistrationDate\": null}','41503232|10700000|04.03.2026, 16:36:03|0','2026-03-04 22:35:33','notFound','encar'),(13,'41161849',2018,46318,13800000,'https://fem.encar.com/cars/detail/41161849','https://fem.encar.com/cars/report/inspect/41161849','https://fem.encar.com/cars/report/diagnosis/41161849','https://fem.encar.com/cars/report/accident/41161849',1,'https://ci.encar.com/carpicture06/pic4116/41161849_001.jpg','[{\"type\": \"001\", \"location\": \"https://ci.encar.com/carpicture06/pic4116/41161849_001.jpg\", \"ordering\": 1, \"updatedDate\": \"2025-12-12T08:01:14Z\"}, {\"type\": \"003\", \"location\": \"https://ci.encar.com/carpicture06/pic4116/41161849_003.jpg\", \"ordering\": 3, \"updatedDate\": \"2025-12-12T08:01:14Z\"}, {\"type\": \"004\", \"location\": \"https://ci.encar.com/carpicture06/pic4116/41161849_004.jpg\", \"ordering\": 4, \"updatedDate\": \"2025-12-12T08:01:14Z\"}, {\"type\": \"007\", \"location\": \"https://ci.encar.com/carpicture06/pic4116/41161849_007.jpg\", \"ordering\": 7, \"updatedDate\": \"2025-12-12T08:01:14Z\"}]','40 TFSI','05.03.2026, 11:02:24','2026-03-05 11:28:06','2026-03-05 11:28:06',1,0,'2026-03-04 12:51:27',0,'{\"vin\": \"WAUZZZ8V9J1090856\", \"damages\": [], \"mileage\": 46266, \"accident\": false, \"notFound\": false, \"waterlog\": false, \"fetchedAt\": \"2026-03-04T20:35:09.619Z\", \"modelYear\": \"2018\", \"vehicleId\": 41161849, \"simpleRepair\": false, \"transmission\": \"오토\", \"replacedParts\": [], \"firstRegistrationDate\": \"20180906\"}','41161849|13800000|04.03.2026, 12:51:06|1','2026-03-04 22:35:33','clean','encar'),(14,'41552890',2018,92581,12300000,'https://fem.encar.com/cars/detail/41552890','https://fem.encar.com/cars/report/inspect/41552890','https://fem.encar.com/cars/report/diagnosis/41552890','https://fem.encar.com/cars/report/accident/41552890',1,'https://ci.encar.com/carpicture05/pic4155/41552890_001.jpg','[{\"type\": \"001\", \"location\": \"https://ci.encar.com/carpicture05/pic4155/41552890_001.jpg\", \"ordering\": 1, \"updatedDate\": \"2026-02-24T03:11:06Z\"}, {\"type\": \"003\", \"location\": \"https://ci.encar.com/carpicture05/pic4155/41552890_003.jpg\", \"ordering\": 3, \"updatedDate\": \"2026-02-24T03:11:06Z\"}, {\"type\": \"004\", \"location\": \"https://ci.encar.com/carpicture05/pic4155/41552890_004.jpg\", \"ordering\": 4, \"updatedDate\": \"2026-02-24T03:11:06Z\"}, {\"type\": \"007\", \"location\": \"https://ci.encar.com/carpicture05/pic4155/41552890_007.jpg\", \"ordering\": 7, \"updatedDate\": \"2026-02-24T03:11:06Z\"}]','40 TFSI','05.03.2026, 01:30:39','2026-03-05 11:28:06','2026-03-05 11:28:06',1,0,'2026-03-04 12:51:27',0,'{\"vin\": \"WAUZZZ8V4J1078050\", \"damages\": [{\"part\": \"후드\", \"statuses\": [\"교환(교체)\"], \"attributes\": [\"RANK_ONE\"]}, {\"part\": \"라디에이터 서포트(볼트체결부품)\", \"statuses\": [\"교환(교체)\"], \"attributes\": [\"RANK_ONE\"]}], \"mileage\": 92581, \"accident\": false, \"notFound\": false, \"waterlog\": false, \"fetchedAt\": \"2026-03-04T20:35:08.595Z\", \"modelYear\": \"2018\", \"vehicleId\": 41552890, \"simpleRepair\": true, \"transmission\": \"오토\", \"replacedParts\": [\"후드\", \"라디에이터 서포트(볼트체결부품)\"], \"firstRegistrationDate\": \"20180913\"}','41552890|12300000|04.03.2026, 07:49:13|1','2026-03-04 22:35:33','replaceRepair','encar'),(16,'41510032',2018,74662,13000000,'https://fem.encar.com/cars/detail/41510032','https://fem.encar.com/cars/report/inspect/41510032','https://fem.encar.com/cars/report/diagnosis/41510032','https://fem.encar.com/cars/report/accident/41510032',1,'https://ci.encar.com/carpicture01/pic4151/41510032_001.jpg','[{\"type\": \"001\", \"location\": \"https://ci.encar.com/carpicture01/pic4151/41510032_001.jpg\", \"ordering\": 1, \"updatedDate\": \"2026-02-12T05:53:17Z\"}, {\"type\": \"003\", \"location\": \"https://ci.encar.com/carpicture01/pic4151/41510032_003.jpg\", \"ordering\": 3, \"updatedDate\": \"2026-02-12T05:53:17Z\"}, {\"type\": \"004\", \"location\": \"https://ci.encar.com/carpicture01/pic4151/41510032_004.jpg\", \"ordering\": 4, \"updatedDate\": \"2026-02-12T05:53:17Z\"}, {\"type\": \"007\", \"location\": \"https://ci.encar.com/carpicture01/pic4151/41510032_007.jpg\", \"ordering\": 7, \"updatedDate\": \"2026-02-12T05:53:17Z\"}]','40 TFSI','05.03.2026, 10:40:05','2026-03-05 11:28:06','2026-03-05 11:28:06',1,0,'2026-03-04 12:51:27',0,'{\"vin\": \"WAUZZZ8VXJ1080532\", \"damages\": [], \"mileage\": 74656, \"accident\": false, \"notFound\": false, \"waterlog\": false, \"fetchedAt\": \"2026-03-04T20:35:09.083Z\", \"modelYear\": \"2018\", \"vehicleId\": 41510032, \"simpleRepair\": false, \"transmission\": \"오토\", \"replacedParts\": [], \"firstRegistrationDate\": \"20180907\"}','41510032|13000000|04.03.2026, 16:40:05|1','2026-03-04 22:35:33','clean','encar'),(17,'41576638',2018,43436,13900000,'https://fem.encar.com/cars/detail/41576638','https://fem.encar.com/cars/report/inspect/41576638','https://fem.encar.com/cars/report/diagnosis/41576638','https://fem.encar.com/cars/report/accident/41576638',1,'https://ci.encar.com/carpicture07/pic4157/41574967_001.jpg','[{\"type\": \"001\", \"location\": \"https://ci.encar.com/carpicture07/pic4157/41574967_001.jpg\", \"ordering\": 1, \"updatedDate\": \"2026-02-27T04:37:49Z\"}, {\"type\": \"003\", \"location\": \"https://ci.encar.com/carpicture07/pic4157/41574967_003.jpg\", \"ordering\": 3, \"updatedDate\": \"2026-02-27T04:37:49Z\"}, {\"type\": \"004\", \"location\": \"https://ci.encar.com/carpicture07/pic4157/41574967_004.jpg\", \"ordering\": 4, \"updatedDate\": \"2026-02-27T04:37:49Z\"}, {\"type\": \"007\", \"location\": \"https://ci.encar.com/carpicture07/pic4157/41574967_007.jpg\", \"ordering\": 7, \"updatedDate\": \"2026-02-27T04:37:49Z\"}]','40 TFSI','05.03.2026, 05:23:02','2026-03-05 11:28:06','2026-03-05 11:28:06',1,0,'2026-03-04 12:51:27',0,'{\"vin\": \"WAUZZZ8VXJ1076741\", \"damages\": [{\"part\": \"리어 도어(좌)\", \"statuses\": [\"판금/용접\"], \"attributes\": [\"RANK_ONE\"]}, {\"part\": \"프론트 휀더(우)\", \"statuses\": [\"교환(교체)\"], \"attributes\": [\"RANK_ONE\"]}], \"mileage\": 43424, \"accident\": false, \"notFound\": false, \"waterlog\": false, \"fetchedAt\": \"2026-03-04T20:35:09.152Z\", \"modelYear\": \"2018\", \"vehicleId\": 41574967, \"simpleRepair\": true, \"transmission\": null, \"replacedParts\": [\"프론트 휀더(우)\"], \"firstRegistrationDate\": \"20180918\"}','41576638|13900000|04.03.2026, 13:37:26|1','2026-03-04 22:35:33','replaceRepair','encar'),(18,'41473218',2020,37866,13900000,'https://fem.encar.com/cars/detail/41473218','https://fem.encar.com/cars/report/inspect/41473218','https://fem.encar.com/cars/report/diagnosis/41473218','https://fem.encar.com/cars/report/accident/41473218',1,'https://ci.encar.com/carpicture07/pic4147/41473218_001.jpg','[{\"type\": \"001\", \"location\": \"https://ci.encar.com/carpicture07/pic4147/41473218_001.jpg\", \"ordering\": 1, \"updatedDate\": \"2026-02-19T06:10:40Z\"}, {\"type\": \"003\", \"location\": \"https://ci.encar.com/carpicture07/pic4147/41473218_003.jpg\", \"ordering\": 3, \"updatedDate\": \"2026-02-19T06:10:40Z\"}, {\"type\": \"004\", \"location\": \"https://ci.encar.com/carpicture07/pic4147/41473218_004.jpg\", \"ordering\": 4, \"updatedDate\": \"2026-02-19T06:10:40Z\"}, {\"type\": \"007\", \"location\": \"https://ci.encar.com/carpicture07/pic4147/41473218_007.jpg\", \"ordering\": 7, \"updatedDate\": \"2026-02-19T06:10:40Z\"}]','2.0 TFSI','05.02.2026, 10:51:55','2026-03-05 11:28:06','2026-03-05 11:28:06',1,0,'2026-03-04 12:51:27',0,'{\"vin\": \"070523\", \"damages\": [{\"part\": \"트렁크 리드\", \"statuses\": [\"교환(교체)\"], \"attributes\": [\"RANK_ONE\"]}, {\"part\": \"쿼터 패널(우)\", \"statuses\": [\"교환(교체)\"], \"attributes\": [\"RANK_TWO\"]}, {\"part\": \"리어 패널\", \"statuses\": [\"교환(교체)\"], \"attributes\": [\"RANK_A\"]}], \"mileage\": 37866, \"accident\": true, \"notFound\": false, \"waterlog\": false, \"fetchedAt\": \"2026-03-04T20:35:09.593Z\", \"modelYear\": \"2020\", \"vehicleId\": 41473218, \"simpleRepair\": true, \"transmission\": \"오토\", \"replacedParts\": [\"트렁크 리드\", \"쿼터 패널(우)\", \"리어 패널\"], \"firstRegistrationDate\": \"20200831\"}','41473218|13900000|05.02.2026, 10:51:55|1','2026-03-04 22:35:33','replaceRepair','encar'),(21,'27630022',2018,130000,9500000,'https://m.kbchachacha.com/public/web/car/detail.kbc?carSeq=27630022','https://m.kbchachacha.com/public/web/car/detail.kbc?carSeq=27630022','https://m.kbchachacha.com/public/web/car/detail.kbc?carSeq=27630022','https://m.kbchachacha.com/public/web/car/detail.kbc?carSeq=27630022',1,'https://img.kbchachacha.com/IMG/carimg/l/img03/img2763/27630022_8621770888428984.jpg?width=720','[{\"type\": \"001\", \"location\": \"https://img.kbchachacha.com/IMG/carimg/l/img03/img2763/27630022_8621770888428984.jpg?width=720\", \"ordering\": 1, \"updatedDate\": \"\"}]','40 TFSI 8V','05.03.2026, 10:52:08','2026-03-05 11:28:06','2026-03-05 11:28:06',1,0,'2026-03-05 09:46:47',0,NULL,NULL,NULL,'clean','kbcha'),(22,'27549908',2018,102677,10600000,'https://m.kbchachacha.com/public/web/car/detail.kbc?carSeq=27549908','https://m.kbchachacha.com/public/web/car/detail.kbc?carSeq=27549908','https://m.kbchachacha.com/public/web/car/detail.kbc?carSeq=27549908','https://m.kbchachacha.com/public/web/car/detail.kbc?carSeq=27549908',1,'https://img.kbchachacha.com/IMG/carimg/l/img04/img2754/27549908_6183001987090068.jpeg?width=720','[{\"type\": \"001\", \"location\": \"https://img.kbchachacha.com/IMG/carimg/l/img04/img2754/27549908_6183001987090068.jpeg?width=720\", \"ordering\": 1, \"updatedDate\": \"\"}]','40 TFSI 8V','01.03.2026, 17:51:55','2026-03-05 11:34:01','2026-03-05 11:34:01',1,0,'2026-03-05 09:46:47',1,NULL,NULL,NULL,'repair','kbcha'),(23,'27613268',2018,149262,10900000,'https://m.kbchachacha.com/public/web/car/detail.kbc?carSeq=27613268','https://m.kbchachacha.com/public/web/car/detail.kbc?carSeq=27613268','https://m.kbchachacha.com/public/web/car/detail.kbc?carSeq=27613268','https://m.kbchachacha.com/public/web/car/detail.kbc?carSeq=27613268',1,'https://img.kbchachacha.com/IMG/carimg/l/img01/img2761/27613268_8171446685953495.jpeg?width=720','[{\"type\": \"001\", \"location\": \"https://img.kbchachacha.com/IMG/carimg/l/img01/img2761/27613268_8171446685953495.jpeg?width=720\", \"ordering\": 1, \"updatedDate\": \"\"}]','40 TFSI 8V','22.10.2025, 06:04:55','2026-03-05 11:28:06','2026-03-05 11:28:06',1,0,'2026-03-05 09:46:47',0,NULL,NULL,NULL,'repair','kbcha'),(24,'27515137',2018,82999,12700000,'https://m.kbchachacha.com/public/web/car/detail.kbc?carSeq=27515137','https://m.kbchachacha.com/public/web/car/detail.kbc?carSeq=27515137','https://m.kbchachacha.com/public/web/car/detail.kbc?carSeq=27515137','https://m.kbchachacha.com/public/web/car/detail.kbc?carSeq=27515137',1,'https://img.kbchachacha.com/IMG/carimg/l/img01/img2751/27515137_5255304423591748.jpeg?width=720','[{\"type\": \"001\", \"location\": \"https://img.kbchachacha.com/IMG/carimg/l/img01/img2751/27515137_5255304423591748.jpeg?width=720\", \"ordering\": 1, \"updatedDate\": \"\"}]','40 TFSI 8V','18.09.2025, 12:02:33','2026-03-05 11:28:06','2026-03-05 11:28:06',1,0,'2026-03-05 09:46:47',0,NULL,NULL,NULL,'repair','kbcha'),(25,'27338359',2018,67318,12700000,'https://m.kbchachacha.com/public/web/car/detail.kbc?carSeq=27338359','https://m.kbchachacha.com/public/web/car/detail.kbc?carSeq=27338359','https://m.kbchachacha.com/public/web/car/detail.kbc?carSeq=27338359','https://m.kbchachacha.com/public/web/car/detail.kbc?carSeq=27338359',1,'https://img.kbchachacha.com/IMG/carimg/l/img03/img2733/27338359_933528635202430.jpeg?width=720','[{\"type\": \"001\", \"location\": \"https://img.kbchachacha.com/IMG/carimg/l/img03/img2733/27338359_933528635202430.jpeg?width=720\", \"ordering\": 1, \"updatedDate\": \"\"}]','40 TFSI 8V','30.07.2025, 11:32:56','2026-03-05 11:28:06','2026-03-05 11:28:06',1,0,'2026-03-05 09:46:47',0,NULL,NULL,NULL,'repair','kbcha'),(26,'26972098',2018,98295,12990000,'https://m.kbchachacha.com/public/web/car/detail.kbc?carSeq=26972098','https://m.kbchachacha.com/public/web/car/detail.kbc?carSeq=26972098','https://m.kbchachacha.com/public/web/car/detail.kbc?carSeq=26972098','https://m.kbchachacha.com/public/web/car/detail.kbc?carSeq=26972098',1,'https://img.kbchachacha.com/IMG/carimg/l/img07/img2697/26972098_36451995129061781.jpeg?width=720','[{\"type\": \"001\", \"location\": \"https://img.kbchachacha.com/IMG/carimg/l/img07/img2697/26972098_36451995129061781.jpeg?width=720\", \"ordering\": 1, \"updatedDate\": \"\"}]','40 TFSI 8V','21.04.2025, 11:27:49','2026-03-05 11:28:06','2026-03-05 11:28:06',1,0,'2026-03-05 09:46:47',0,NULL,NULL,NULL,'repair','kbcha'),(27,'27367976',2018,52748,13500000,'https://m.kbchachacha.com/public/web/car/detail.kbc?carSeq=27367976','https://m.kbchachacha.com/public/web/car/detail.kbc?carSeq=27367976','https://m.kbchachacha.com/public/web/car/detail.kbc?carSeq=27367976','https://m.kbchachacha.com/public/web/car/detail.kbc?carSeq=27367976',1,'https://img.kbchachacha.com/IMG/carimg/l/img06/img2736/27367976_1697399784503534.jpeg?width=720','[{\"type\": \"001\", \"location\": \"https://img.kbchachacha.com/IMG/carimg/l/img06/img2736/27367976_1697399784503534.jpeg?width=720\", \"ordering\": 1, \"updatedDate\": \"\"}]','40 TFSI 8V','15.12.2025, 06:50:00','2026-03-05 11:28:06','2026-03-05 11:28:06',1,0,'2026-03-05 09:46:47',0,NULL,NULL,NULL,'repair','kbcha'),(28,'28008212',2018,53053,14300000,'https://m.kbchachacha.com/public/web/car/detail.kbc?carSeq=28008212','https://m.kbchachacha.com/public/web/car/detail.kbc?carSeq=28008212','https://m.kbchachacha.com/public/web/car/detail.kbc?carSeq=28008212','https://m.kbchachacha.com/public/web/car/detail.kbc?carSeq=28008212',1,'https://img.kbchachacha.com/IMG/carimg/l/img10/img2800/28008212_1444578097661643.jpeg?width=720','[{\"type\": \"001\", \"location\": \"https://img.kbchachacha.com/IMG/carimg/l/img10/img2800/28008212_1444578097661643.jpeg?width=720\", \"ordering\": 1, \"updatedDate\": \"\"}]','40 TFSI 8V','10.02.2026, 10:03:39','2026-03-05 11:28:06','2026-03-05 11:28:06',1,0,'2026-03-05 09:46:47',0,NULL,NULL,NULL,'repair','kbcha'),(29,'27949702',2018,54917,14300000,'https://m.kbchachacha.com/public/web/car/detail.kbc?carSeq=27949702','https://m.kbchachacha.com/public/web/car/detail.kbc?carSeq=27949702','https://m.kbchachacha.com/public/web/car/detail.kbc?carSeq=27949702','https://m.kbchachacha.com/public/web/car/detail.kbc?carSeq=27949702',1,'https://img.kbchachacha.com/IMG/carimg/l/img04/img2794/27949702_16641164274952445.jpg?width=720','[{\"type\": \"001\", \"location\": \"https://img.kbchachacha.com/IMG/carimg/l/img04/img2794/27949702_16641164274952445.jpg?width=720\", \"ordering\": 1, \"updatedDate\": \"\"}]','40 TFSI 8V','04.03.2026, 03:22:11','2026-03-05 11:28:06','2026-03-05 11:28:06',1,0,'2026-03-05 09:46:47',0,NULL,NULL,NULL,'repair','kbcha'),(30,'28028792',2018,58178,14500000,'https://m.kbchachacha.com/public/web/car/detail.kbc?carSeq=28028792','https://m.kbchachacha.com/public/web/car/detail.kbc?carSeq=28028792','https://m.kbchachacha.com/public/web/car/detail.kbc?carSeq=28028792','https://m.kbchachacha.com/public/web/car/detail.kbc?carSeq=28028792',1,'https://img.kbchachacha.com/IMG/carimg/l/img02/img2802/28028792_1930599403904554.jpeg?width=720','[{\"type\": \"001\", \"location\": \"https://img.kbchachacha.com/IMG/carimg/l/img02/img2802/28028792_1930599403904554.jpeg?width=720\", \"ordering\": 1, \"updatedDate\": \"\"}]','40 TFSI 8V','16.02.2026, 01:03:59','2026-03-05 11:28:06','2026-03-05 11:28:06',1,0,'2026-03-05 09:46:47',0,NULL,NULL,NULL,'repair','kbcha'),(31,'27907443',2018,41058,14500000,'https://m.kbchachacha.com/public/web/car/detail.kbc?carSeq=27907443','https://m.kbchachacha.com/public/web/car/detail.kbc?carSeq=27907443','https://m.kbchachacha.com/public/web/car/detail.kbc?carSeq=27907443','https://m.kbchachacha.com/public/web/car/detail.kbc?carSeq=27907443',1,'https://img.kbchachacha.com/IMG/carimg/l/img10/img2790/27907443_910559083350203.jpeg?width=720','[{\"type\": \"001\", \"location\": \"https://img.kbchachacha.com/IMG/carimg/l/img10/img2790/27907443_910559083350203.jpeg?width=720\", \"ordering\": 1, \"updatedDate\": \"\"}]','40 TFSI 8V','12.01.2026, 18:35:40','2026-03-05 11:28:06','2026-03-05 11:28:06',1,0,'2026-03-05 09:46:47',0,NULL,NULL,NULL,'repair','kbcha'),(32,'27884485',2018,47470,14500000,'https://m.kbchachacha.com/public/web/car/detail.kbc?carSeq=27884485','https://m.kbchachacha.com/public/web/car/detail.kbc?carSeq=27884485','https://m.kbchachacha.com/public/web/car/detail.kbc?carSeq=27884485','https://m.kbchachacha.com/public/web/car/detail.kbc?carSeq=27884485',1,'https://img.kbchachacha.com/IMG/carimg/l/img08/img2788/27884485_14710639544353323.jpeg?width=720','[{\"type\": \"001\", \"location\": \"https://img.kbchachacha.com/IMG/carimg/l/img08/img2788/27884485_14710639544353323.jpeg?width=720\", \"ordering\": 1, \"updatedDate\": \"\"}]','40 TFSI 8V','05.01.2026, 21:31:33','2026-03-05 11:28:06','2026-03-05 11:28:06',1,0,'2026-03-05 09:46:47',0,NULL,NULL,NULL,'clean','kbcha'),(33,'27321149',2018,53734,14700000,'https://m.kbchachacha.com/public/web/car/detail.kbc?carSeq=27321149','https://m.kbchachacha.com/public/web/car/detail.kbc?carSeq=27321149','https://m.kbchachacha.com/public/web/car/detail.kbc?carSeq=27321149','https://m.kbchachacha.com/public/web/car/detail.kbc?carSeq=27321149',1,'https://img.kbchachacha.com/IMG/carimg/l/img02/img2732/27321149_492587535882532.jpeg?width=720','[{\"type\": \"001\", \"location\": \"https://img.kbchachacha.com/IMG/carimg/l/img02/img2732/27321149_492587535882532.jpeg?width=720\", \"ordering\": 1, \"updatedDate\": \"\"}]','40 TFSI 8V','25.07.2025, 09:03:54','2026-03-05 11:28:06','2026-03-05 11:28:06',1,0,'2026-03-05 09:46:47',0,NULL,NULL,NULL,'clean','kbcha'),(34,'28006936',2018,92564,14900000,'https://m.kbchachacha.com/public/web/car/detail.kbc?carSeq=28006936','https://m.kbchachacha.com/public/web/car/detail.kbc?carSeq=28006936','https://m.kbchachacha.com/public/web/car/detail.kbc?carSeq=28006936','https://m.kbchachacha.com/public/web/car/detail.kbc?carSeq=28006936',1,'https://img.kbchachacha.com/IMG/carimg/l/img10/img2800/28006936_2657704844730427.jpeg?width=720','[{\"type\": \"001\", \"location\": \"https://img.kbchachacha.com/IMG/carimg/l/img10/img2800/28006936_2657704844730427.jpeg?width=720\", \"ordering\": 1, \"updatedDate\": \"\"}]','40 TFSI 8V','10.02.2026, 00:15:55','2026-03-05 11:28:06','2026-03-05 11:28:06',1,0,'2026-03-05 09:46:47',0,NULL,NULL,NULL,'clean','kbcha'),(35,'26959164',2018,45000,14900000,'https://m.kbchachacha.com/public/web/car/detail.kbc?carSeq=26959164','https://m.kbchachacha.com/public/web/car/detail.kbc?carSeq=26959164','https://m.kbchachacha.com/public/web/car/detail.kbc?carSeq=26959164','https://m.kbchachacha.com/public/web/car/detail.kbc?carSeq=26959164',1,'https://img.kbchachacha.com/IMG/carimg/l/img05/img2695/26959164_36090614163566432.jpeg?width=720','[{\"type\": \"001\", \"location\": \"https://img.kbchachacha.com/IMG/carimg/l/img05/img2695/26959164_36090614163566432.jpeg?width=720\", \"ordering\": 1, \"updatedDate\": \"\"}]','35 TFSI 다이나믹 8V(14~)','17.04.2025, 08:34:49','2026-03-05 11:28:06','2026-03-05 11:28:06',1,0,'2026-03-05 09:46:47',0,NULL,NULL,NULL,'repair','kbcha'),(51,'28057577',2018,80148,13590000,'https://m.kbchachacha.com/public/web/car/detail.kbc?carSeq=28057577','https://m.kbchachacha.com/public/web/car/detail.kbc?carSeq=28057577','https://m.kbchachacha.com/public/web/car/detail.kbc?carSeq=28057577','https://m.kbchachacha.com/public/web/car/detail.kbc?carSeq=28057577',1,'https://img.kbchachacha.com/IMG/carimg/l/img05/img2805/28057577_19164457098538179.jpg?width=720','[{\"type\": \"001\", \"location\": \"https://img.kbchachacha.com/IMG/carimg/l/img05/img2805/28057577_19164457098538179.jpg?width=720\", \"ordering\": 1, \"updatedDate\": \"\"}]','40 TFSI 8V','26.02.2026, 10:45:39','2026-03-05 11:28:06','2026-03-05 11:28:06',1,0,'2026-03-05 10:54:44',0,NULL,NULL,NULL,'repair','kbcha'),(52,'27598653',2018,46266,13800000,'https://m.kbchachacha.com/public/web/car/detail.kbc?carSeq=27598653','https://m.kbchachacha.com/public/web/car/detail.kbc?carSeq=27598653','https://m.kbchachacha.com/public/web/car/detail.kbc?carSeq=27598653','https://m.kbchachacha.com/public/web/car/detail.kbc?carSeq=27598653',1,'https://img.kbchachacha.com/IMG/carimg/l/img09/img2759/27598653_8163243978987929.jpg?width=720','[{\"type\": \"001\", \"location\": \"https://img.kbchachacha.com/IMG/carimg/l/img09/img2759/27598653_8163243978987929.jpg?width=720\", \"ordering\": 1, \"updatedDate\": \"\"}]','40 TFSI 8V','05.03.2026, 10:20:00','2026-03-05 11:28:06','2026-03-05 11:28:06',1,0,'2026-03-05 10:54:44',0,NULL,NULL,NULL,'repair','kbcha'),(53,'28060406',2018,43436,13900000,'https://m.kbchachacha.com/public/web/car/detail.kbc?carSeq=28060406','https://m.kbchachacha.com/public/web/car/detail.kbc?carSeq=28060406','https://m.kbchachacha.com/public/web/car/detail.kbc?carSeq=28060406','https://m.kbchachacha.com/public/web/car/detail.kbc?carSeq=28060406',1,'https://img.kbchachacha.com/IMG/carimg/l/img06/img2806/28060406_2890873206159550.jpeg?width=720','[{\"type\": \"001\", \"location\": \"https://img.kbchachacha.com/IMG/carimg/l/img06/img2806/28060406_2890873206159550.jpeg?width=720\", \"ordering\": 1, \"updatedDate\": \"\"}]','40 TFSI 8V','03.03.2026, 16:48:03','2026-03-05 11:28:06','2026-03-05 11:28:06',1,0,'2026-03-05 10:54:44',0,NULL,NULL,NULL,'repair','kbcha'),(54,'28051215',2019,119632,10800000,'https://m.kbchachacha.com/public/web/car/detail.kbc?carSeq=28051215','https://m.kbchachacha.com/public/web/car/detail.kbc?carSeq=28051215','https://m.kbchachacha.com/public/web/car/detail.kbc?carSeq=28051215','https://m.kbchachacha.com/public/web/car/detail.kbc?carSeq=28051215',1,'https://img.kbchachacha.com/IMG/carimg/l/img05/img2805/28051215_19062982929234771.jpg?width=720','[{\"type\": \"001\", \"location\": \"https://img.kbchachacha.com/IMG/carimg/l/img05/img2805/28051215_19062982929234771.jpg?width=720\", \"ordering\": 1, \"updatedDate\": \"\"}]','40 TFSI 8V','05.03.2026, 09:42:19','2026-03-05 11:28:06','2026-03-05 11:28:06',1,0,'2026-03-05 10:54:44',0,NULL,NULL,NULL,'repair','kbcha'),(55,'28030010',2018,58163,13200000,'https://m.kbchachacha.com/public/web/car/detail.kbc?carSeq=28030010','https://m.kbchachacha.com/public/web/car/detail.kbc?carSeq=28030010','https://m.kbchachacha.com/public/web/car/detail.kbc?carSeq=28030010','https://m.kbchachacha.com/public/web/car/detail.kbc?carSeq=28030010',1,'https://img.kbchachacha.com/IMG/carimg/l/img03/img2803/28030010_2207747384284313.jpeg?width=720','[{\"type\": \"001\", \"location\": \"https://img.kbchachacha.com/IMG/carimg/l/img03/img2803/28030010_2207747384284313.jpeg?width=720\", \"ordering\": 1, \"updatedDate\": \"\"}]','40 TFSI 8V','05.03.2026, 11:10:36','2026-03-05 11:28:06','2026-03-05 11:28:06',1,0,'2026-03-05 10:54:44',0,NULL,NULL,NULL,'repair','kbcha'),(56,'28080738',2018,78842,11900000,'https://m.kbchachacha.com/public/web/car/detail.kbc?carSeq=28080738','https://m.kbchachacha.com/public/web/car/detail.kbc?carSeq=28080738','https://m.kbchachacha.com/public/web/car/detail.kbc?carSeq=28080738','https://m.kbchachacha.com/public/web/car/detail.kbc?carSeq=28080738',1,'https://img.kbchachacha.com/IMG/carimg/l/img08/img2808/28080738_3429658380799674.jpeg?width=720','[{\"type\": \"001\", \"location\": \"https://img.kbchachacha.com/IMG/carimg/l/img08/img2808/28080738_3429658380799674.jpeg?width=720\", \"ordering\": 1, \"updatedDate\": \"\"}]','40 TFSI 8V','05.03.2026, 09:28:25','2026-03-05 11:34:28','2026-03-05 11:34:28',1,0,'2026-03-05 10:54:44',0,NULL,NULL,NULL,'repair','kbcha'),(57,'28034338',2018,52054,11500000,'https://m.kbchachacha.com/public/web/car/detail.kbc?carSeq=28034338','https://m.kbchachacha.com/public/web/car/detail.kbc?carSeq=28034338','https://m.kbchachacha.com/public/web/car/detail.kbc?carSeq=28034338','https://m.kbchachacha.com/public/web/car/detail.kbc?carSeq=28034338',1,'https://img.kbchachacha.com/IMG/carimg/l/img03/img2803/28034338_18620815679383075.jpg?width=720','[{\"type\": \"001\", \"location\": \"https://img.kbchachacha.com/IMG/carimg/l/img03/img2803/28034338_18620815679383075.jpg?width=720\", \"ordering\": 1, \"updatedDate\": \"\"}]','40 TFSI 8V','05.03.2026, 08:57:31','2026-03-05 11:28:06','2026-03-05 11:28:06',1,0,'2026-03-05 10:54:44',0,NULL,NULL,NULL,'repair','kbcha'),(58,'28013250',2018,128309,10700000,'https://m.kbchachacha.com/public/web/car/detail.kbc?carSeq=28013250','https://m.kbchachacha.com/public/web/car/detail.kbc?carSeq=28013250','https://m.kbchachacha.com/public/web/car/detail.kbc?carSeq=28013250','https://m.kbchachacha.com/public/web/car/detail.kbc?carSeq=28013250',1,'https://img.kbchachacha.com/IMG/carimg/l/img01/img2801/28013250_17862364707573353.jpg?width=720','[{\"type\": \"001\", \"location\": \"https://img.kbchachacha.com/IMG/carimg/l/img01/img2801/28013250_17862364707573353.jpg?width=720\", \"ordering\": 1, \"updatedDate\": \"\"}]','40 TFSI 8V','05.03.2026, 04:26:12','2026-03-05 11:28:06','2026-03-05 11:28:06',1,0,'2026-03-05 10:54:44',0,NULL,NULL,NULL,'repair','kbcha'),(59,'27733714',2020,37866,13900000,'https://m.kbchachacha.com/public/web/car/detail.kbc?carSeq=27733714','https://m.kbchachacha.com/public/web/car/detail.kbc?carSeq=27733714','https://m.kbchachacha.com/public/web/car/detail.kbc?carSeq=27733714','https://m.kbchachacha.com/public/web/car/detail.kbc?carSeq=27733714',1,'https://img.kbchachacha.com/IMG/carimg/l/img03/img2773/27733714_1028148331244808.jpeg?width=720','[{\"type\": \"001\", \"location\": \"https://img.kbchachacha.com/IMG/carimg/l/img03/img2773/27733714_1028148331244808.jpeg?width=720\", \"ordering\": 1, \"updatedDate\": \"\"}]','2.0 TFSI 8P','22.11.2025, 08:33:55','2026-03-05 11:28:06','2026-03-05 11:28:06',1,0,'2026-03-05 10:54:44',0,NULL,NULL,NULL,'repair','kbcha'),(60,'27882899',2020,60367,15800000,'https://m.kbchachacha.com/public/web/car/detail.kbc?carSeq=27882899','https://m.kbchachacha.com/public/web/car/detail.kbc?carSeq=27882899','https://m.kbchachacha.com/public/web/car/detail.kbc?carSeq=27882899','https://m.kbchachacha.com/public/web/car/detail.kbc?carSeq=27882899',1,'https://img.kbchachacha.com/IMG/carimg/l/img08/img2788/27882899_14696615335740597.jpeg?width=720','[{\"type\": \"001\", \"location\": \"https://img.kbchachacha.com/IMG/carimg/l/img08/img2788/27882899_14696615335740597.jpeg?width=720\", \"ordering\": 1, \"updatedDate\": \"\"}]','40 TFSI 8V','19.02.2026, 13:41:51','2026-03-05 11:28:06','2026-03-05 11:28:06',1,0,'2026-03-05 11:06:53',0,NULL,NULL,NULL,'repair','kbcha'),(61,'27955032',2018,55462,15500000,'https://m.kbchachacha.com/public/web/car/detail.kbc?carSeq=27955032','https://m.kbchachacha.com/public/web/car/detail.kbc?carSeq=27955032','https://m.kbchachacha.com/public/web/car/detail.kbc?carSeq=27955032','https://m.kbchachacha.com/public/web/car/detail.kbc?carSeq=27955032',1,'https://img.kbchachacha.com/IMG/carimg/l/img05/img2795/27955032_185443269764512.jpeg?width=720','[{\"type\": \"001\", \"location\": \"https://img.kbchachacha.com/IMG/carimg/l/img05/img2795/27955032_185443269764512.jpeg?width=720\", \"ordering\": 1, \"updatedDate\": \"\"}]','40 TFSI 8V','28.02.2026, 04:47:50','2026-03-05 11:28:06','2026-03-05 11:28:06',1,0,'2026-03-05 11:06:53',0,NULL,NULL,NULL,'clean','kbcha'),(62,'27907242',2020,21954,17500000,'https://m.kbchachacha.com/public/web/car/detail.kbc?carSeq=27907242','https://m.kbchachacha.com/public/web/car/detail.kbc?carSeq=27907242','https://m.kbchachacha.com/public/web/car/detail.kbc?carSeq=27907242','https://m.kbchachacha.com/public/web/car/detail.kbc?carSeq=27907242',1,'https://img.kbchachacha.com/IMG/carimg/l/img10/img2790/27907242_15303479301521333.jpeg?width=720','[{\"type\": \"001\", \"location\": \"https://img.kbchachacha.com/IMG/carimg/l/img10/img2790/27907242_15303479301521333.jpeg?width=720\", \"ordering\": 1, \"updatedDate\": \"\"}]','40 TFSI 8V','12.01.2026, 18:12:13','2026-03-05 11:28:06','2026-03-05 11:28:06',1,0,'2026-03-05 11:06:53',0,NULL,NULL,NULL,'clean','kbcha'),(63,'27444317',2020,20975,19800000,'https://m.kbchachacha.com/public/web/car/detail.kbc?carSeq=27444317','https://m.kbchachacha.com/public/web/car/detail.kbc?carSeq=27444317','https://m.kbchachacha.com/public/web/car/detail.kbc?carSeq=27444317','https://m.kbchachacha.com/public/web/car/detail.kbc?carSeq=27444317',1,'https://img.kbchachacha.com/IMG/carimg/l/img04/img2744/27444317_3520177913135968.jpeg?width=720','[{\"type\": \"001\", \"location\": \"https://img.kbchachacha.com/IMG/carimg/l/img04/img2744/27444317_3520177913135968.jpeg?width=720\", \"ordering\": 1, \"updatedDate\": \"\"}]','40 TFSI 8V','29.08.2025, 10:03:45','2026-03-05 11:28:06','2026-03-05 11:28:06',1,0,'2026-03-05 11:06:53',0,NULL,NULL,NULL,'clean','kbcha'),(64,'27286784',2018,33855,17800000,'https://m.kbchachacha.com/public/web/car/detail.kbc?carSeq=27286784','https://m.kbchachacha.com/public/web/car/detail.kbc?carSeq=27286784','https://m.kbchachacha.com/public/web/car/detail.kbc?carSeq=27286784','https://m.kbchachacha.com/public/web/car/detail.kbc?carSeq=27286784',1,'https://img.kbchachacha.com/IMG/carimg/l/img08/img2728/27286784_43957450426959164.jpeg?width=720','[{\"type\": \"001\", \"location\": \"https://img.kbchachacha.com/IMG/carimg/l/img08/img2728/27286784_43957450426959164.jpeg?width=720\", \"ordering\": 1, \"updatedDate\": \"\"}]','40 TFSI 8V','17.07.2025, 09:48:47','2026-03-05 11:28:06','2026-03-05 11:28:06',1,0,'2026-03-05 11:06:53',0,NULL,NULL,NULL,'repair','kbcha'),(65,'27097995',2018,54167,14700000,'https://m.kbchachacha.com/public/web/car/detail.kbc?carSeq=27097995','https://m.kbchachacha.com/public/web/car/detail.kbc?carSeq=27097995','https://m.kbchachacha.com/public/web/car/detail.kbc?carSeq=27097995','https://m.kbchachacha.com/public/web/car/detail.kbc?carSeq=27097995',1,'https://img.kbchachacha.com/IMG/carimg/l/img09/img2709/27097995_39634603905771759.jpeg?width=720','[{\"type\": \"001\", \"location\": \"https://img.kbchachacha.com/IMG/carimg/l/img09/img2709/27097995_39634603905771759.jpeg?width=720\", \"ordering\": 1, \"updatedDate\": \"\"}]','40 TFSI 8V','28.05.2025, 09:01:15','2026-03-05 11:28:06','2026-03-05 11:28:06',1,0,'2026-03-05 11:06:53',0,NULL,NULL,NULL,'clean','kbcha'),(66,'26978393',2018,54285,14700000,'https://m.kbchachacha.com/public/web/car/detail.kbc?carSeq=26978393','https://m.kbchachacha.com/public/web/car/detail.kbc?carSeq=26978393','https://m.kbchachacha.com/public/web/car/detail.kbc?carSeq=26978393','https://m.kbchachacha.com/public/web/car/detail.kbc?carSeq=26978393',1,'https://img.kbchachacha.com/IMG/carimg/l/img07/img2697/26978393_36608148228623545.jpeg?width=720','[{\"type\": \"001\", \"location\": \"https://img.kbchachacha.com/IMG/carimg/l/img07/img2697/26978393_36608148228623545.jpeg?width=720\", \"ordering\": 1, \"updatedDate\": \"\"}]','40 TFSI 8V','23.04.2025, 08:16:47','2026-03-05 11:28:06','2026-03-05 11:28:06',1,0,'2026-03-05 11:06:53',0,NULL,NULL,NULL,'clean','kbcha'),(67,'28075924',2018,40816,15200000,'https://m.kbchachacha.com/public/web/car/detail.kbc?carSeq=28075924','https://m.kbchachacha.com/public/web/car/detail.kbc?carSeq=28075924','https://m.kbchachacha.com/public/web/car/detail.kbc?carSeq=28075924','https://m.kbchachacha.com/public/web/car/detail.kbc?carSeq=28075924',1,'https://img.kbchachacha.com/IMG/carimg/l/img07/img2807/28075924_19685900597844534.jpg?width=720','[{\"type\": \"001\", \"location\": \"https://img.kbchachacha.com/IMG/carimg/l/img07/img2807/28075924_19685900597844534.jpg?width=720\", \"ordering\": 1, \"updatedDate\": \"\"}]','40 TFSI 8V','05.03.2026, 11:02:26','2026-03-05 11:28:06','2026-03-05 11:28:06',1,0,'2026-03-05 11:06:53',0,NULL,NULL,NULL,'repair','kbcha'),(68,'27684489',2018,47326,16800000,'https://m.kbchachacha.com/public/web/car/detail.kbc?carSeq=27684489','https://m.kbchachacha.com/public/web/car/detail.kbc?carSeq=27684489','https://m.kbchachacha.com/public/web/car/detail.kbc?carSeq=27684489','https://m.kbchachacha.com/public/web/car/detail.kbc?carSeq=27684489',1,'https://img.kbchachacha.com/IMG/carimg/l/img08/img2768/27684489_9833503019320850.jpeg?width=720','[{\"type\": \"001\", \"location\": \"https://img.kbchachacha.com/IMG/carimg/l/img08/img2768/27684489_9833503019320850.jpeg?width=720\", \"ordering\": 1, \"updatedDate\": \"\"}]','40 TFSI 8V','10.11.2025, 10:45:49','2026-03-05 11:28:06','2026-03-05 11:28:06',1,0,'2026-03-05 11:06:53',0,NULL,NULL,NULL,'repair','kbcha'),(69,'27979609',2018,37295,21800000,'https://m.kbchachacha.com/public/web/car/detail.kbc?carSeq=27979609','https://m.kbchachacha.com/public/web/car/detail.kbc?carSeq=27979609','https://m.kbchachacha.com/public/web/car/detail.kbc?carSeq=27979609','https://m.kbchachacha.com/public/web/car/detail.kbc?carSeq=27979609',1,NULL,'[]','40 TFSI 8V','02.02.2026, 22:17:29','2026-03-05 11:28:06','2026-03-05 11:28:06',1,0,'2026-03-05 11:06:53',0,NULL,NULL,NULL,'repair','kbcha');
/*!40000 ALTER TABLE `cars` ENABLE KEYS */;
UNLOCK TABLES;

--
-- Table structure for table `migrations`
--

DROP TABLE IF EXISTS `migrations`;
/*!40101 SET @saved_cs_client     = @@character_set_client */;
/*!50503 SET character_set_client = utf8mb4 */;
CREATE TABLE `migrations` (
  `id` int NOT NULL AUTO_INCREMENT,
  `timestamp` bigint NOT NULL,
  `name` varchar(255) NOT NULL,
  PRIMARY KEY (`id`)
) ENGINE=InnoDB AUTO_INCREMENT=9 DEFAULT CHARSET=utf8mb4 COLLATE=utf8mb4_0900_ai_ci;
/*!40101 SET character_set_client = @saved_cs_client */;

--
-- Dumping data for table `migrations`
--

LOCK TABLES `migrations` WRITE;
/*!40000 ALTER TABLE `migrations` DISABLE KEYS */;
INSERT INTO `migrations` VALUES (1,2026030401000,'InitCarsAndPriceHistory2026030401000'),(2,2026030402000,'AddCarActiveState2026030402000'),(3,2026030403000,'AddCarNewState2026030403000'),(4,2026030404000,'DropPriceEurColumns2026030404000'),(5,2026030405000,'AddCarFavoriteFlag2026030405000'),(6,2026030406000,'AddInspectionCacheColumns2026030406000'),(7,2026030407000,'AddInspectionConditionColumn2026030407000'),(8,2026030501000,'AddCarOrigin2026030501000');
/*!40000 ALTER TABLE `migrations` ENABLE KEYS */;
UNLOCK TABLES;
/*!40103 SET TIME_ZONE=@OLD_TIME_ZONE */;

/*!40101 SET SQL_MODE=@OLD_SQL_MODE */;
/*!40014 SET FOREIGN_KEY_CHECKS=@OLD_FOREIGN_KEY_CHECKS */;
/*!40014 SET UNIQUE_CHECKS=@OLD_UNIQUE_CHECKS */;
/*!40101 SET CHARACTER_SET_CLIENT=@OLD_CHARACTER_SET_CLIENT */;
/*!40101 SET CHARACTER_SET_RESULTS=@OLD_CHARACTER_SET_RESULTS */;
/*!40101 SET COLLATION_CONNECTION=@OLD_COLLATION_CONNECTION */;
/*!40111 SET SQL_NOTES=@OLD_SQL_NOTES */;

-- Dump completed on 2026-03-05 12:01:33
